order,rent,number of beds,number of baths,size,address,contact,link,walk_score,transit_score,bike_score,school1_names,school1_info,school1_score,school2_names,school2_info,school2_score,school3_names,school3_info,school3_score,rent/size,average transit score,total school score,rent/size Normalized,total school score Normalized,average transit score Normalized,final score,final score without transit
1,2978.0,3.0,2.5,1523.0,"The Amberleigh | 8301 Anderson Dr, Fairfax, VA 22031",(571) 582-0963,https://www.redfin.com/VA/Fairfax/The-Amberleigh/apartment/9834810,58.0,42.0,41.0,Jackson Middle School,"Public, 7-8 • Assigned • 0.5mi",4.0,Falls Church High School,"Public, 9-12 • Assigned • 1.3mi",3.0,,,0.0,1.9553512803676953,47.0,7.0,0.5917047504076975,0.0,0.5150000000000001,0.3731023752038488,0.17751142512230925
2,4700.0,5.0,3.0,2472.0,"1603 Mary Ellen Ct, Mc Lean, VA 22101",(703) 214-5100,https://www.redfin.com/VA/Mc-Lean/1603-Mary-Ellen-Ct-22101/home/9398835,32.0,35.0,40.0,Longfellow Middle School,"Public, 7-8 • Assigned • 1.5mi",6.0,McLean High School,"Public, 9-12 • Assigned • 0.4mi",6.0,,,0.0,1.901294498381877,35.666666666666664,12.0,0.6164045482913528,0.5555555555555556,0.34500000000000003,0.5543967185901209,0.5738102533762948
3,4200.0,4.0,3.0,1536.0,"6476 Old Dominion Dr, Mc Lean, VA 22101",(703) 790-1990,https://www.redfin.com/VA/Mc-Lean/6476-Old-Dominion-Dr-22101/home/9410647,32.0,30.0,45.0,Longfellow Middle School,"Public, 7-8 • Assigned • 1.2mi",6.0,McLean High School,"Public, 9-12 • Assigned • 1.2mi",6.0,,,0.0,2.734375,35.666666666666664,12.0,0.23575073844784333,0.5555555555555556,0.34500000000000003,0.3640698136683661,0.4596141104232419
4,2900.0,3.0,2.0,1700.0,"5410 8th St S, Arlington, VA 22204",(703) 518-8300,https://www.redfin.com/VA/Arlington/5410-8th-St-S-22204/home/11259775,60.0,59.0,62.0,Kenmore Middle School,"Public, 6-8 • Assigned • 0.8mi",6.0,Washington Liberty High School,"Public, 9-12 • Assigned • 2.2mi",5.0,,,0.0,1.7058823529411764,60.333333333333336,11.0,0.7056928913833074,0.4444444444444444,0.7150000000000002,0.6156520012472092,0.5228189785261033
5,3870.0,4.0,3.0,1680.0,"1515 Crestwood Ln, Mc Lean, VA 22101",(703) 765-0300,https://www.redfin.com/VA/Mc-Lean/1515-Crestwood-Ln-22101/home/9415880,4.0,19.0,15.0,Longfellow Middle School,"Public, 7-8 • Assigned • 2.4mi",6.0,McLean High School,"Public, 9-12 • Assigned • 2.6mi",6.0,,,0.0,2.3035714285714284,12.666666666666666,12.0,0.4325948854900058,0.5555555555555556,0.0,0.4107418871894474,0.5186673545358906
6,4100.0,4.0,3.5,2616.0,"13604 Springhaven Dr, Chantilly, VA 20151",(703) 378-8810,https://www.redfin.com/VA/Chantilly/13604-Springhaven-Dr-20151/home/9431837,41.0,30.0,49.0,Franklin Middle School,"Public, 7-8 • Assigned • 0.7mi",5.0,Chantilly High School,"Public, 9-12 • Assigned • 1.3mi",6.0,,,0.0,1.5672782874617737,40.0,11.0,0.7690243047125787,0.4444444444444444,0.4100000000000001,0.6015677079118449,0.5418184025248847
7,4975.0,4.0,3.0,2374.0,"2123 Grayson Pl, Falls Church, VA 22043",(301) 519-8100,https://www.redfin.com/VA/Falls-Church/2123-Grayson-Pl-22043/home/9474066,20.0,50.0,34.0,Longfellow Middle School,"Public, 7-8 • Assigned • 0.6mi",6.0,McLean High School,"Public, 9-12 • Assigned • 1.4mi",6.0,,,0.0,2.0956192080876157,34.666666666666664,12.0,0.5276130798167601,0.5555555555555556,0.33000000000000007,0.5077509843528245,0.5471728128339169
8,3000.0,3.0,2.5,1600.0,"3018 Talking Rock Dr, Fairfax, VA 22031",(703) 609-2323,https://www.redfin.com/VA/Fairfax/3018-Talking-Rock-Dr-22031/home/9537766,,,,Jackson Middle School,"Public, 7-8 • Assigned • 1.6mi",4.0,Falls Church High School,"Public, 9-12 • Assigned • 2.8mi",3.0,,,0.0,1.875,,7.0,0.6284191146718459,0.0,,,0.18852573440155376
9,4000.0,3.0,2.0,2254.0,"1955 Kirby Rd, Mc Lean, VA 22101",(703) 636-7300,https://www.redfin.com/VA/Mc-Lean/1955-Kirby-Rd-22101/home/9474664,17.0,20.0,25.0,Longfellow Middle School,"Public, 7-8 • Assigned • 0.3mi",6.0,McLean High School,"Public, 9-12 • Assigned • 1.2mi",6.0,,,0.0,1.774622892635315,20.666666666666668,12.0,0.6742837439186279,0.5555555555555556,0.12000000000000004,0.5495863164037584,0.5911740120644773
10,4500.0,4.0,3.0,2204.0,"2226 Westwood Pl, Falls Church, VA 22043",(866) 825-7169,https://www.redfin.com/VA/Falls-Church/2226-Westwood-Pl-22043/home/9480975,44.0,49.0,31.0,Longfellow Middle School,"Public, 7-8 • Assigned • 0.7mi",6.0,McLean High School,"Public, 9-12 • Assigned • 1.6mi",6.0,,,0.0,2.041742286751361,41.333333333333336,12.0,0.5522306951966064,0.5555555555555556,0.43000000000000016,0.5350597920427477,0.5545580974478708
11,3950.0,6.0,3.5,3500.0,"12421 Alexander Cornell Dr, Fairfax, VA 22033",(703) 204-1188,https://www.redfin.com/VA/Fairfax/12421-Alexander-Cornell-Dr-22033/home/9498873,30.0,34.0,48.0,Franklin Middle School,"Public, 7-8 • Assigned • 3.0mi",5.0,Oakton High School,"Public, 9-12 • Assigned • 5.1mi",6.0,,,0.0,1.1285714285714286,37.333333333333336,11.0,0.9694796471635511,0.4444444444444444,0.3700000000000001,0.6957953791373311,0.6019550052601763
12,4500.0,4.0,3.5,3664.0,"4100 John Trammell Ct, Fairfax, VA 22030",(703) 815-5700,https://www.redfin.com/VA/Fairfax/4100-John-Trammell-Ct-22030/home/12029494,86.0,40.0,73.0,Johnson Middle School,"Public, 7-8 • Assigned • 1.8mi",5.0,Fairfax High School,"Public, 9-12 • Assigned • 1.4mi",5.0,,,0.0,1.2281659388646289,66.33333333333333,10.0,0.9239726046760972,0.3333333333333333,0.805,0.6994029690047153,0.5105251147361625
13,2800.0,3.0,2.0,1500.0,"4210 Mozart Brigade Ln Unit Y, Fairfax, VA 22033",(703) 378-8810,https://www.redfin.com/VA/Fairfax/4210-Mozart-Brigade-Ln-22033/unit-Y/home/9517027,53.0,48.0,72.0,Johnson Middle School,"Public, 7-8 • Assigned • 2.4mi",5.0,Fairfax High School,"Public, 9-12 • Assigned • 4.7mi",5.0,,,0.0,1.8666666666666667,57.666666666666664,10.0,0.6322268080170483,0.3333333333333333,0.675,0.5340300706751908,0.4230013757384478
14,3850.0,4.0,3.0,3626.0,"8804 Delfield Ln, Fairfax, VA 22031",(571) 263-9814,https://www.redfin.com/VA/Fairfax/8804-Delfield-Ln-22031/home/9530788,,,,Jackson Middle School,"Public, 7-8 • Assigned • 1.3mi",4.0,Falls Church High School,"Public, 9-12 • Assigned • 2.6mi",3.0,,,0.0,1.0617760617760619,,7.0,1.0,0.0,,,0.3
15,3200.0,4.0,3.5,1953.0,"3061 White Birch Ct, Fairfax, VA 22031",(703) 378-8810,https://www.redfin.com/VA/Fairfax/3061-White-Birch-Ct-22031/home/9534119,75.0,57.0,71.0,Thoreau Middle School,"Public, 7-8 • Assigned • 2.1mi",6.0,Oakton High School,"Public, 9-12 • Assigned • 0.8mi",6.0,,,0.0,1.638504864311316,67.66666666666667,12.0,0.7364792291919922,0.5555555555555556,0.8250000000000002,0.6864340590404405,0.6098326576464865
16,4050.0,3.0,3.5,1504.0,"4311 11th St N, Arlington, VA 22201",(703) 538-6030,https://www.redfin.com/VA/Arlington/4311-11th-St-N-22201/home/11244403,75.0,73.0,85.0,Swanson Middle School,"Public, 6-8 • Assigned • 1.4mi",6.0,Washington Liberty High School,"Public, 9-12 • Assigned • 0.3mi",5.0,,,0.0,2.69281914893617,77.66666666666667,11.0,0.25473857095383956,0.4444444444444444,0.9750000000000001,0.4291748410324754,0.3875326823972629
17,3375.0,3.0,3.0,1564.0,"2919 Espana Ct, Fairfax, VA 22031",(703) 765-0300,https://www.redfin.com/VA/Fairfax/2919-Espana-Ct-22031/home/9536603,,,,Jackson Middle School,"Public, 7-8 • Assigned • 1.3mi",4.0,Falls Church High School,"Public, 9-12 • Assigned • 2.6mi",3.0,,,0.0,2.1579283887468033,,7.0,0.49914256951183944,0.0,,,0.14974277085355184
18,3000.0,3.0,2.5,1680.0,"13101 Quail Creek Ln, Fairfax, VA 22033",(703) 968-7000,https://www.redfin.com/VA/Fairfax/13101-Quail-Creek-Ln-22033/home/9601235,,,,Rocky Run Middle School,"Public, 7-8 • Assigned • 1.5mi",8.0,Chantilly High School,"Public, 9-12 • Assigned • 1.9mi",6.0,,,0.0,1.7857142857142858,,14.0,0.6692158290847292,0.7777777777777778,,,0.7452091931698631
19,2800.0,3.0,2.5,1602.0,"11708 Tumbrel Ct #56, Fairfax, VA 22030",(703) 717-8509,https://www.redfin.com/VA/Fairfax/11708-Tumbrel-Ct-22030/unit-56/home/9609870,57.0,40.0,63.0,Johnson Middle School,"Public, 7-8 • Assigned • 1.4mi",5.0,Fairfax High School,"Public, 9-12 • Assigned • 3.6mi",5.0,,,0.0,1.7478152309612984,53.333333333333336,10.0,0.6865327865134189,0.3333333333333333,0.6100000000000002,0.5514330599233761,0.43929316928735895
20,4200.0,3.0,3.5,1800.0,"9319 Lemon Mint Ct, Fairfax, VA 22031",(703) 854-1285,https://www.redfin.com/VA/Fairfax/9319-Lemon-Mint-Ct-22031/home/109701857,,,,Thoreau Middle School,"Public, 7-8 • Assigned • 1.9mi",6.0,Oakton High School,"Public, 9-12 • Assigned • 1.0mi",6.0,,,0.0,2.3333333333333335,,12.0,0.4189959806857111,0.5555555555555556,,,0.5145876830946022
21,3700.0,4.0,2.5,1736.0,"10025 Cotton Farm Rd, Fairfax, VA 22032",(703) 349-0144,https://www.redfin.com/VA/Fairfax/10025-Cotton-Farm-Rd-22032/home/9615743,,,,Frost Middle School,"Public, 7-8 • Assigned • 1.1mi",7.0,Woodson High School,"Public, 9-12 • Assigned • 1.0mi",8.0,,,0.0,2.1313364055299537,,15.0,0.5112930636155033,0.8888888888888888,,,0.7756101413068731
22,4000.0,5.0,3.0,2680.0,"9301 Santayana Dr, Fairfax, VA 22031",(703) 966-2232,https://www.redfin.com/VA/Fairfax/9301-Santayana-Dr-22031/home/9617063,,,,Frost Middle School,"Public, 7-8 • Assigned • 1.7mi",7.0,Woodson High School,"Public, 9-12 • Assigned • 1.5mi",8.0,,,0.0,1.492537313432836,,15.0,0.8031751898434508,0.8888888888888888,,,0.8631747791752573
23,3750.0,4.0,2.5,1736.0,"4349 Farm House Ln, Fairfax, VA 22032",(703) 533-8660,https://www.redfin.com/VA/Fairfax/4349-Farm-House-Ln-22032/home/9690108,,,,Frost Middle School,"Public, 7-8 • Assigned • 1.3mi",7.0,Woodson High School,"Public, 9-12 • Assigned • 1.3mi",8.0,,,0.0,2.160138248847926,,15.0,0.49813283315973456,0.8888888888888888,,,0.7716620721701425
24,3200.0,3.0,2.5,2188.0,"4490 Beacon Grove Cir, Fairfax, VA 22033",(703) 564-4000,https://www.redfin.com/VA/Fairfax/4490-Beacon-Grove-Cir-22033/home/28551097,,,,Johnson Middle School,"Public, 7-8 • Assigned • 2.5mi",5.0,Fairfax High School,"Public, 9-12 • Assigned • 4.7mi",5.0,,,0.0,1.4625228519195612,,10.0,0.8168894936871226,0.3333333333333333,,,0.47840018143947005
25,3990.0,5.0,3.0,2016.0,"5029 Gadsen Dr, Fairfax, VA 22032",(703) 449-7629,https://www.redfin.com/VA/Fairfax/5029-Gadsen-Dr-22032/home/9692753,,,,Robinson Secondary,"Public, 7-12 • Assigned • 0.4mi",7.0,,,0.0,,,0.0,1.9791666666666667,,7.0,0.5808229478568152,0.0,,,0.17424688435704455
26,3500.0,5.0,3.0,1674.0,"4608 Braeburn Dr, Fairfax, VA 22032",(703) 636-7300,https://www.redfin.com/VA/Fairfax/4608-Braeburn-Dr-22032/home/9697976,,,,Frost Middle School,"Public, 7-8 • Assigned • 1.1mi",7.0,Woodson High School,"Public, 9-12 • Assigned • 1.3mi",8.0,,,0.0,2.090800477897252,,15.0,0.5298148694421408,0.8888888888888888,,,0.7811666830548644
27,3700.0,4.0,3.5,2700.0,"4000 Park Chase Dr, Fairfax, VA 22030",(703) 815-5700,https://www.redfin.com/VA/Fairfax/4000-Park-Chase-Dr-22030/home/9837130,65.0,44.0,59.0,Frost Middle School,"Public, 7-8 • Assigned • 4.3mi",7.0,Woodson High School,"Public, 9-12 • Assigned • 4.1mi",8.0,,,0.0,1.3703703703703705,56.0,15.0,0.858996100575772,0.8888888888888888,0.6500000000000001,0.838109161398997,0.8799210523949537
28,3400.0,3.0,2.5,1638.0,"3809 Keith Ave, Fairfax, VA 22030",(703) 378-8810,https://www.redfin.com/VA/Fairfax/3809-Keith-Ave-22030/home/12026511,69.0,40.0,64.0,Johnson Middle School,"Public, 7-8 • Assigned • 0.9mi",5.0,Fairfax High School,"Public, 9-12 • Assigned • 1.5mi",5.0,,,0.0,2.075702075702076,57.666666666666664,10.0,0.5367136797095524,0.3333333333333333,0.675,0.48627350652144286,0.39434743724619903
29,3400.0,3.0,3.5,2140.0,"12605 Buckleys Gate Dr, Fairfax, VA 22030",(703) 938-6070,https://www.redfin.com/VA/Fairfax/12605-Buckleys-Gate-Dr-22030/home/9840559,,,,Johnson Middle School,"Public, 7-8 • Assigned • 3.1mi",5.0,Fairfax High School,"Public, 9-12 • Assigned • 5.2mi",5.0,,,0.0,1.588785046728972,,10.0,0.7591973674159488,0.3333333333333333,,,0.4610925435581179
30,4350.0,4.0,2.0,2342.0,"6563 Williamsburg Blvd, Arlington, VA 22213",(703) 964-1290,https://www.redfin.com/VA/Arlington/6563-Williamsburg-Blvd-22213/home/11224677,54.0,33.0,57.0,Williamsburg Middle School,"Public, 6-8 • Assigned • 1.0mi",9.0,Yorktown High School,"Public, 9-12 • Assigned • 1.1mi",7.0,,,0.0,1.8573868488471392,48.0,16.0,0.636466972083781,1.0,0.5300000000000001,0.7477334860418905,0.8909400916251342
31,3950.0,4.0,3.0,1838.0,"5124 23rd Rd N, Arlington, VA 22207",(703) 525-1900,https://www.redfin.com/VA/Arlington/5124-23rd-Rd-N-22207/home/11228281,91.0,45.0,75.0,Williamsburg Middle School,"Public, 6-8 • Assigned • 1.2mi",9.0,Yorktown High School,"Public, 9-12 • Assigned • 0.6mi",7.0,,,0.0,2.1490750816104462,70.33333333333333,16.0,0.5031878509517762,1.0,0.8650000000000001,0.7313439254758881,0.8509563552855328
32,4960.0,3.0,2.0,1526.0,"Io Piazza By Windsor | 2727 S Quincy St, Arlington, VA 22206",(571) 348-9465,https://www.redfin.com/VA/Arlington/Io-Piazza-By-Windsor/apartment/11279949,86.0,57.0,80.0,Gunston Middle School,"Public, 6-8 • Assigned • 1.0mi",5.0,Wakefield High School,"Public, 9-12 • Assigned • 1.4mi",4.0,,,0.0,3.250327653997379,74.33333333333333,9.0,0.0,0.2222222222222222,0.925,0.21652777777777776,0.15555555555555553
33,4200.0,3.0,3.0,1957.0,"4942 34th Rd N, Arlington, VA 22207",(703) 378-8810,https://www.redfin.com/VA/Arlington/4942-34th-Rd-N-22207/home/11229046,21.0,34.0,47.0,Williamsburg Middle School,"Public, 6-8 • Assigned • 0.5mi",9.0,Yorktown High School,"Public, 9-12 • Assigned • 0.6mi",7.0,,,0.0,2.1461420541645375,34.0,16.0,0.5045280192422261,1.0,0.32000000000000006,0.650264009621113,0.8513584057726677
34,3930.0,3.0,3.5,1667.0,"2041 N Glebe Rd, Arlington, VA 22207",(703) 971-5000,https://www.redfin.com/VA/Arlington/2041-N-Glebe-Rd-22207/home/11234845,80.0,49.0,66.0,Dorothy Hamm Middle,"Public, 6-8 • Assigned • 0.6mi",7.0,Yorktown High School,"Public, 9-12 • Assigned • 1.1mi",7.0,,,0.0,2.35752849430114,65.0,14.0,0.40794065027732496,0.7777777777777778,0.7850000000000001,0.5939425473608847,0.6668266395276419
35,3800.0,3.0,3.5,2000.0,"2025 N Glebe Rd, Arlington, VA 22207",(703) 228-9007,https://www.redfin.com/VA/Arlington/2025-N-Glebe-Rd-22207/home/11234852,80.0,49.0,66.0,Dorothy Hamm Middle,"Public, 6-8 • Assigned • 0.6mi",7.0,Yorktown High School,"Public, 9-12 • Assigned • 1.1mi",7.0,,,0.0,1.9,65.0,14.0,0.6169960346362386,0.7777777777777778,0.7850000000000001,0.6984702395403415,0.729543254835316
36,3050.0,4.0,3.0,1980.0,"1724 S Oakland St, Arlington, VA 22204",(703) 436-6964,https://www.redfin.com/VA/Arlington/1724-S-Oakland-St-22204/home/11263916,54.0,56.0,78.0,Jefferson Middle School,"Public, 6-8 • Assigned • 1.2mi",6.0,Wakefield High School,"Public, 9-12 • Assigned • 1.1mi",4.0,,,0.0,1.5404040404040404,62.666666666666664,10.0,0.7813037717140655,0.3333333333333333,0.7500000000000001,0.6198185525236994,0.4677244648475529
37,4800.0,4.0,4.5,2878.0,"2313 N Van Buren Ct, Arlington, VA 22205",(703) 224-6000,https://www.redfin.com/VA/Arlington/2313-N-Van-Buren-Ct-22205/home/11239225,66.0,65.0,81.0,Williamsburg Middle School,"Public, 6-8 • Assigned • 1.6mi",9.0,Yorktown High School,"Public, 9-12 • Assigned • 1.4mi",7.0,,,0.0,1.6678248783877694,70.66666666666667,16.0,0.7230822344943737,1.0,0.8700000000000002,0.8420411172471869,0.916924670348312
38,3500.0,3.0,2.0,1500.0,"924 N Liberty St, Arlington, VA 22205",(703) 471-7220,https://www.redfin.com/VA/Arlington/924-N-Liberty-St-22205/home/11241041,58.0,44.0,78.0,Swanson Middle School,"Public, 6-8 • Assigned • 0.5mi",6.0,Yorktown High School,"Public, 9-12 • Assigned • 1.9mi",7.0,,,0.0,2.3333333333333335,60.0,13.0,0.4189959806857111,0.6666666666666666,0.7100000000000002,0.5493313236761889,0.59236546087238
39,3990.0,4.0,3.0,1620.0,"27 N Bedford St, Arlington, VA 22201",(703) 349-0144,https://www.redfin.com/VA/Arlington/27-N-Bedford-St-22201/home/11255885,69.0,49.0,70.0,Jefferson Middle School,"Public, 6-8 • Assigned • 0.7mi",6.0,Washington Liberty High School,"Public, 9-12 • Assigned • 1.6mi",5.0,,,0.0,2.462962962962963,62.666666666666664,11.0,0.35976519531589535,0.4444444444444444,0.7500000000000001,0.4479381532135033,0.41904066970587966
40,3800.0,3.0,2.5,2409.0,"4093 Sutherland Pl, Fairfax, VA 22030",(703) 634-5450,https://www.redfin.com/VA/Fairfax/4093-Sutherland-Pl-22030/home/17120658,,,,Johnson Middle School,"Public, 7-8 • Assigned • 1.1mi",5.0,Fairfax High School,"Public, 9-12 • Assigned • 1.8mi",5.0,,,0.0,1.5774180157741802,,10.0,0.7643912275905013,0.3333333333333333,,,0.4626507016104837
41,4960.0,3.0,2.0,1526.0,"Io Piazza By Windsor | 2727 S Quincy St, Arlington, VA 22206",(571) 348-9465,https://www.redfin.com/VA/Arlington/Io-Piazza-By-Windsor/apartment/11279949,86.0,57.0,80.0,Gunston Middle School,"Public, 6-8 • Assigned • 1.0mi",5.0,Wakefield High School,"Public, 9-12 • Assigned • 1.4mi",4.0,,,0.0,3.250327653997379,74.33333333333333,9.0,0.0,0.2222222222222222,0.925,0.21652777777777776,0.15555555555555553
42,4795.0,4.0,3.5,3684.0,"3514 Cobb Dr, Fairfax, VA 22030",(703) 519-0951,https://www.redfin.com/VA/Fairfax/3514-Cobb-Dr-22030/home/12024305,32.0,39.0,37.0,Johnson Middle School,"Public, 7-8 • Assigned • 0.4mi",5.0,Fairfax High School,"Public, 9-12 • Assigned • 1.8mi",5.0,,,0.0,1.3015743756786102,36.0,10.0,0.8904305867154998,0.3333333333333333,0.3500000000000001,0.6143819600244166,0.5004625093479832
43,4500.0,4.0,3.0,3055.0,"10506 Norman Ave, Fairfax, VA 22030",(703) 971-5000,https://www.redfin.com/VA/Fairfax/10506-Norman-Ave-22030/home/12024593,54.0,39.0,49.0,Johnson Middle School,"Public, 7-8 • Assigned • 1.0mi",5.0,Fairfax High School,"Public, 9-12 • Assigned • 1.2mi",5.0,,,0.0,1.4729950900163666,47.333333333333336,10.0,0.8121044851298528,0.3333333333333333,0.5200000000000001,0.6007189092315931,0.4769646788722891
44,3300.0,3.0,3.0,2214.0,"11005 Fairchester Dr, Fairfax, VA 22030",(703) 642-5683,https://www.redfin.com/VA/Fairfax/11005-Fairchester-Dr-22030/home/12026323,80.0,38.0,57.0,Johnson Middle School,"Public, 7-8 • Assigned • 0.3mi",5.0,Fairfax High School,"Public, 9-12 • Assigned • 2.2mi",5.0,,,0.0,1.4905149051490514,58.333333333333336,10.0,0.8040992751110647,0.3333333333333333,0.6850000000000002,0.6214663042221991,0.4745631158666527
45,3400.0,3.0,2.5,1638.0,"3809 Keith Ave, Fairfax, VA 22030",(703) 378-8810,https://www.redfin.com/VA/Fairfax/3809-Keith-Ave-22030/home/12026511,69.0,40.0,64.0,Johnson Middle School,"Public, 7-8 • Assigned • 0.9mi",5.0,Fairfax High School,"Public, 9-12 • Assigned • 1.5mi",5.0,,,0.0,2.075702075702076,57.666666666666664,10.0,0.5367136797095524,0.3333333333333333,0.675,0.48627350652144286,0.39434743724619903
46,3500.0,4.0,2.5,1887.0,"10626 Ashby Pl, Fairfax, VA 22030",(703) 533-8660,https://www.redfin.com/VA/Fairfax/10626-Ashby-Pl-22030/home/12028272,56.0,40.0,62.0,Johnson Middle School,"Public, 7-8 • Assigned • 1.4mi",5.0,Fairfax High School,"Public, 9-12 • Assigned • 2.0mi",5.0,,,0.0,1.8547959724430312,52.666666666666664,10.0,0.6376508036248407,0.3333333333333333,0.6000000000000001,0.525492068479087,0.4246285744207855
47,3197.0,4.0,2.0,1666.0,"10727 Maple St, Fairfax, VA 22030",(703) 378-8810,https://www.redfin.com/VA/Fairfax/10727-Maple-St-22030/home/12028310,58.0,39.0,45.0,Johnson Middle School,"Public, 7-8 • Assigned • 1.2mi",5.0,Fairfax High School,"Public, 9-12 • Assigned • 2.0mi",5.0,,,0.0,1.918967587034814,47.333333333333336,10.0,0.6083293040449975,0.3333333333333333,0.5200000000000001,0.4988313186891654,0.41583212454683255
48,4500.0,4.0,3.5,3664.0,"4100 John Trammell Ct, Fairfax, VA 22030",(703) 815-5700,https://www.redfin.com/VA/Fairfax/4100-John-Trammell-Ct-22030/home/12029494,86.0,40.0,73.0,Johnson Middle School,"Public, 7-8 • Assigned • 1.8mi",5.0,Fairfax High School,"Public, 9-12 • Assigned • 1.4mi",5.0,,,0.0,1.2281659388646289,66.33333333333333,10.0,0.9239726046760972,0.3333333333333333,0.805,0.6994029690047153,0.5105251147361625
49,3600.0,3.0,2.5,2767.0,"10502 James Wren Way, Fairfax, VA 22030",(571) 565-4849,https://www.redfin.com/VA/Fairfax/10502-James-Wren-Way-22030/home/12029726,72.0,40.0,76.0,Johnson Middle School,"Public, 7-8 • Assigned • 1.5mi",5.0,Fairfax High School,"Public, 9-12 • Assigned • 1.8mi",5.0,,,0.0,1.3010480664980122,62.666666666666664,10.0,0.8906710695912377,0.3333333333333333,0.7500000000000001,0.6745022014622856,0.5005346542107046
50,3000.0,3.0,2.5,2310.0,"3870 Bradwater St, Fairfax, VA 22031",(703) 891-8500,https://www.redfin.com/VA/Fairfax/3870-Bradwater-St-22031/home/12030780,58.0,36.0,55.0,Johnson Middle School,"Public, 7-8 • Assigned • 2.9mi",5.0,Fairfax High School,"Public, 9-12 • Assigned • 1.1mi",5.0,,,0.0,1.2987012987012987,49.666666666666664,10.0,0.8917433622459114,0.3333333333333333,0.555,0.6457883477896225,0.5008563420071067
51,3800.0,3.0,2.5,2409.0,"4093 Sutherland Pl, Fairfax, VA 22030",(703) 634-5450,https://www.redfin.com/VA/Fairfax/4093-Sutherland-Pl-22030/home/17120658,,,,Johnson Middle School,"Public, 7-8 • Assigned • 1.1mi",5.0,Fairfax High School,"Public, 9-12 • Assigned • 1.8mi",5.0,,,0.0,1.5774180157741802,,10.0,0.7643912275905013,0.3333333333333333,,,0.4626507016104837
52,4000.0,3.0,2.5,2632.0,"4043 Columbia Pike, Arlington, VA 22204",(703) 636-7300,https://www.redfin.com/VA/Arlington/4043-Columbia-Pike-22204/home/18969225,85.0,59.0,71.0,Jefferson Middle School,"Public, 6-8 • Assigned • 0.7mi",6.0,Wakefield High School,"Public, 9-12 • Assigned • 1.0mi",4.0,,,0.0,1.5197568389057752,71.66666666666667,10.0,0.7907379571231054,0.3333333333333333,0.8850000000000002,0.6447856452282195,0.4705547204702649
53,3300.0,3.0,2.5,1848.0,"3548 S George Mason Dr, Alexandria, VA 22302",(703) 385-3600,https://www.redfin.com/VA/Alexandria/3548-S-George-Mason-Dr-22302/home/22047772,71.0,62.0,62.0,Glasgow Middle School,"Public, 6-8 • Assigned • 1.5mi",4.0,Justice High School,"Public, 9-12 • Assigned • 2.0mi",3.0,,,0.0,1.7857142857142858,65.0,7.0,0.6692158290847292,0.0,0.7850000000000001,0.4523579145423646,0.20076474872541875
54,3200.0,3.0,2.5,2188.0,"4490 Beacon Grove Cir, Fairfax, VA 22033",(703) 564-4000,https://www.redfin.com/VA/Fairfax/4490-Beacon-Grove-Cir-22033/home/28551097,,,,Johnson Middle School,"Public, 7-8 • Assigned • 2.5mi",5.0,Fairfax High School,"Public, 9-12 • Assigned • 4.7mi",5.0,,,0.0,1.4625228519195612,,10.0,0.8168894936871226,0.3333333333333333,,,0.47840018143947005
55,5000.0,4.0,4.5,2552.0,"3400 11th St S, Arlington, VA 22204",(703) 449-7629,https://www.redfin.com/VA/Arlington/3400-11th-St-S-22204/home/95454797,90.0,60.0,88.0,Jefferson Middle School,"Public, 6-8 • Assigned • 0.7mi",6.0,Wakefield High School,"Public, 9-12 • Assigned • 1.4mi",4.0,,,0.0,1.9592476489028212,79.33333333333333,10.0,0.589924409222699,0.3333333333333333,1.0,0.5616288712780162,0.410310656100143
56,4200.0,3.0,3.5,1800.0,"9319 Lemon Mint Ct, Fairfax, VA 22031",(703) 854-1285,https://www.redfin.com/VA/Fairfax/9319-Lemon-Mint-Ct-22031/home/109701857,,,,Thoreau Middle School,"Public, 7-8 • Assigned • 1.9mi",6.0,Oakton High School,"Public, 9-12 • Assigned • 1.0mi",6.0,,,0.0,2.3333333333333335,,12.0,0.4189959806857111,0.5555555555555556,,,0.5145876830946022
57,4100.0,3.0,3.5,1944.0,"3068 Wild Blue Indigo Ct, Fairfax, VA 22031",(703) 281-8500,https://www.redfin.com/VA/Fairfax/3068-Wild-Blue-Indigo-Ct-22031/home/167748771,,,,Thoreau Middle School,"Public, 7-8 • Assigned • 2.0mi",6.0,Oakton High School,"Public, 9-12 • Assigned • 0.9mi",6.0,,,0.0,2.1090534979423867,,12.0,0.5214746410874562,0.5555555555555556,,,0.5453312812151258
58,4950.0,4.0,3.5,2744.0,"3060 Wild Blue Indigo Ct, Fairfax, VA 22031",(703) 636-7300,https://www.redfin.com/VA/Fairfax/3060-Wild-Blue-Indigo-Ct-22031/home/167748775,,,,Thoreau Middle School,"Public, 7-8 • Assigned • 2.0mi",6.0,Oakton High School,"Public, 9-12 • Assigned • 0.9mi",6.0,,,0.0,1.803935860058309,,12.0,0.6608899690004674,0.5555555555555556,,,0.587155879589029
59,4200.0,5.0,4.0,3640.0,"7021 Westbury Rd, Mc Lean, VA 22101",(571) 278-3678,https://www.redfin.com/VA/Mc-Lean/7021-Westbury-Rd-22101/home/9397712,34.0,32.0,48.0,Longfellow Middle School,"Public, 7-8 • Assigned • 1.3mi",6.0,McLean High School,"Public, 9-12 • Assigned • 0.2mi",6.0,,,0.0,1.1538461538461537,38.0,12.0,0.9579310387759041,0.5555555555555556,0.3800000000000001,0.7304099638323965,0.6762682005216601
60,4000.0,3.0,3.5,1974.0,"12514 League Ln, Fairfax, VA 22033",(301) 523-8008,https://www.redfin.com/VA/Fairfax/12514-League-Ln-22033/home/180451442,,,,Johnson Middle School,"Public, 7-8 • Assigned • 2.8mi",5.0,Fairfax High School,"Public, 9-12 • Assigned • 5.0mi",5.0,,,0.0,2.026342451874367,,10.0,0.559267237050008,0.3333333333333333,,,0.4011135044483357
